X,Y,A,B,C,D,E,F,G,H,I,J
Onsite,2022-02-15,101,111,121,131,141,151,161,171,181,191
Onsite,2022-02-15,102,112,122,132,142,152,162,172,182,192
Onsite,2022-02-15,103,113,123,133,143,153,163,173,183,193
Onsite,2022-02-15,104,114,124,134,144,154,164,174,184,194
Onsite,2022-02-15,105,115,125,135,145,155,165,175,185,195
Onsite,2022-02-15,106,116,126,136,146,156,166,176,186,196
Onsite,2022-02-15,107,117,127,137,147,157,167,177,187,197
Onsite,2022-02-15,108,118,128,138,148,158,168,178,188,198
Onsite,2022-02-15,109,119,129,139,149,159,169,179,189,199
Onsite,2022-02-15,110,120,130,140,150,160,170,180,190,200
